length,diameter,wave_speed,initial_velocity,initial_pressure_head,max_pressure_head,min_pressure_head,joukowsky_rise,wave_period,head_margin,velocity_ratio,pipe_aspect,safe_tc,is_safe
3141.03,3.848,1630.3,5.73,92.02,141.73,15.11,952.308,3.8533,0.54025,0.03448,816.34,10.937,True
3187.04,1.548,1140.5,3.281,375.1,527.97,65.05,381.431,5.589,0.40755,0.028222,2058.76,3.525,True
1884.97,2.282,1265.5,0.979,341.39,478.86,55.89,126.244,2.979,0.40267,0.007586,826.175,1.5,True
1547.2,7.783,1671.7,6.338,126.18,168.66,7.14,1080.053,1.851,0.33669,0.037191,198.788,6.791,True
786.3,5.655,1493.7,7.756,170.78,221.7,20.57,1181.013,1.0528,0.29818,0.05094,139.056,3.551,True
919.99,1.561,1170.8,2.202,287.74,381.21,50.33,262.792,1.5715,0.32486,0.018448,589.202,1.5,True
2861.01,2.912,1598.7,6.536,191.74,242.62,29.22,1065.112,3.5791,0.26533,0.040105,982.653,11.004,True
731.06,2.079,608.8,6.402,286.05,409.64,47.8,397.321,2.4015,0.43207,0.103153,351.586,1.744,True
1943.88,4.809,767.8,1.359,287.26,384.48,38.72,106.357,5.0638,0.33844,0.017364,404.244,2.253,True
3107.0,5.297,1264.3,4.694,163.34,189.86,18.87,604.961,4.915,0.16233,0.036422,586.567,16.335,True
1015.42,3.623,1624.1,2.255,79.82,100.78,7.51,373.249,1.2505,0.26255,0.013618,280.262,3.326,True
2715.28,4.722,1540.7,5.482,198.17,292.42,14.87,861.013,3.5248,0.47561,0.034908,575.023,5.324,True
286.31,1.266,1466.8,3.964,114.83,155.07,8.37,592.725,0.3904,0.35042,0.026511,226.087,1.5,True
2846.02,3.902,1057.2,2.761,274.3,355.14,17.32,297.59,5.3839,0.29473,0.025622,729.457,4.242,True
648.42,7.718,1690.3,5.748,150.4,231.26,25.09,990.366,0.7672,0.53767,0.033359,84.014,1.5,True
2924.18,3.925,926.7,1.223,366.88,488.8,29.48,115.523,6.311,0.33231,0.012946,744.962,2.686,True
1362.64,4.886,812.1,6.925,317.9,457.07,36.5,573.258,3.3557,0.43779,0.083645,278.873,2.838,True
2583.77,4.922,1379.8,1.133,201.37,234.93,24.99,159.408,3.7451,0.16665,0.008058,524.909,3.481,True
1453.47,1.669,724.1,4.907,118.0,179.37,16.19,362.214,4.0147,0.52005,0.066485,870.614,4.345,True
1518.11,4.973,627.4,7.689,223.98,327.71,13.98,491.736,4.8396,0.46309,0.120235,305.283,4.492,True
2049.3,4.231,1725.4,4.788,220.99,277.73,22.04,842.111,2.3755,0.25679,0.027223,484.327,5.384,True
2178.56,3.848,625.9,6.697,364.69,439.86,48.54,427.319,6.961,0.2061,0.104962,566.161,7.333,True
612.59,5.575,937.5,5.446,307.18,447.7,20.32,520.409,1.3069,0.45746,0.056985,109.89,1.5,True
3680.85,2.304,644.9,4.661,186.11,275.8,31.87,306.433,11.4153,0.48192,0.070908,1597.878,8.593,True
1405.13,7.651,949.1,4.363,147.03,224.13,10.98,422.106,2.961,0.52442,0.045096,183.642,3.036,True
370.66,3.82,1790.9,7.188,314.53,473.78,57.88,1312.118,0.4139,0.50632,0.039372,97.039,1.5,True
2171.66,2.938,1526.4,5.462,187.04,222.17,30.3,849.947,2.8454,0.18779,0.035106,739.195,9.978,True
1197.35,7.532,889.2,1.421,342.58,414.97,26.34,128.769,2.6932,0.21131,0.015674,158.96,1.5,True
2477.65,7.072,835.7,2.827,324.32,499.04,40.58,240.871,5.9294,0.53873,0.033189,350.359,2.862,True
746.81,0.703,875.6,1.489,290.4,348.12,36.58,132.87,1.7059,0.19873,0.016679,1062.125,1.5,True
2838.2,4.9,839.7,6.531,303.24,438.36,21.12,559.044,6.7598,0.44559,0.076296,579.193,5.734,True
670.26,7.464,1077.1,2.757,226.12,319.99,43.72,302.719,1.2446,0.41515,0.025111,89.8,1.5,True
1288.5,7.444,629.8,4.664,275.55,328.56,19.58,299.442,4.0916,0.19236,0.072644,173.102,4.291,True
1792.63,7.75,1315.3,7.498,333.48,445.85,55.93,1005.232,2.7259,0.33695,0.055923,231.304,4.049,True
267.78,1.408,1595.3,6.476,139.1,189.49,19.6,1053.156,0.3357,0.36231,0.039823,190.23,1.5,True
3497.41,5.063,1095.1,3.306,204.8,288.93,36.89,369.09,6.3875,0.41077,0.029619,690.779,5.63,True
1924.81,2.434,884.0,6.095,337.63,402.5,20.25,549.24,4.3548,0.19211,0.06764,790.796,6.193,True
2458.85,1.682,1589.6,2.828,108.92,165.38,8.15,458.165,3.0937,0.51839,0.01745,1462.136,4.255,True
1281.94,1.737,738.6,0.659,78.83,96.17,4.57,49.586,3.4713,0.21986,0.008748,738.128,2.357,True
2446.35,5.637,1072.4,2.885,231.54,347.31,41.14,315.36,4.5626,0.5,0.026392,433.958,3.016,True
365.21,1.943,884.1,2.37,254.22,334.68,14.59,213.625,0.8262,0.3165,0.026302,187.951,1.5,True
1619.73,4.476,722.0,6.751,77.67,118.05,5.04,496.862,4.4868,0.51994,0.091726,361.889,8.662,True
3405.58,7.28,1775.5,6.515,325.02,457.3,54.23,1179.167,3.8362,0.40699,0.035998,467.824,5.682,True
711.3,4.567,1217.1,6.932,217.35,283.43,31.72,859.985,1.1689,0.30404,0.055873,155.751,2.366,True
1212.56,1.634,1173.5,3.627,139.07,180.38,14.6,433.815,2.0667,0.297,0.030319,741.951,3.496,True
1444.48,3.408,1422.9,2.727,382.61,580.25,46.73,395.476,2.0303,0.51654,0.018798,423.846,1.5,True
1447.77,4.562,1618.3,5.394,333.49,454.58,48.34,889.869,1.7893,0.36309,0.032701,317.34,2.279,True
1294.99,6.038,842.9,5.711,352.64,424.18,50.13,490.694,3.0728,0.20284,0.066468,214.466,3.715,True
561.36,5.97,701.4,7.52,106.72,163.66,18.16,537.63,1.6007,0.53355,0.105172,94.026,2.483,True
2455.99,6.391,1554.1,7.595,146.15,202.57,9.39,1203.261,3.1606,0.38603,0.047942,384.264,9.881,True
2541.43,1.868,1277.9,4.793,218.43,296.86,35.95,624.41,3.9774,0.35905,0.036795,1360.832,5.389,True
3237.13,4.242,1319.5,7.484,100.71,120.53,6.36,1006.686,4.9066,0.19684,0.055642,763.126,34.491,True
2699.88,3.698,1529.2,5.534,173.44,261.78,28.51,862.678,3.5311,0.50935,0.035503,730.151,5.629,True
1228.03,3.295,977.3,1.682,110.25,168.07,12.75,167.579,2.513,0.52445,0.016884,372.693,1.719,True
1656.62,6.0,1263.6,7.521,325.3,436.47,34.63,968.76,2.6221,0.34175,0.05839,276.118,3.815,True
3949.2,5.911,1741.4,1.389,349.18,490.54,23.84,246.497,4.5356,0.40483,0.007822,668.062,2.409,True
2435.38,5.677,614.8,3.907,340.64,431.98,40.46,244.864,7.923,0.26814,0.062352,428.982,5.192,True
1880.79,2.834,1702.1,6.36,97.6,151.16,17.75,1103.471,2.2099,0.54881,0.036653,663.592,6.696,True
1278.85,6.793,727.7,7.993,286.33,403.74,18.2,592.94,3.5148,0.41005,0.107756,188.259,3.407,True
3608.73,0.815,889.0,1.573,324.1,398.41,60.48,142.517,8.1187,0.22928,0.017354,4430.08,4.499,True
2693.82,0.868,606.5,0.887,266.01,391.2,22.82,54.867,8.8829,0.47059,0.014354,3104.898,3.181,True
3427.75,1.024,1561.2,7.458,322.52,460.96,56.67,1186.935,4.3913,0.42925,0.046868,3348.997,6.307,True
352.57,2.093,749.9,4.284,313.36,439.34,55.68,327.482,0.9403,0.402,0.056041,168.439,1.5,True
789.81,6.036,831.6,2.531,301.37,464.73,42.71,214.541,1.8994,0.54208,0.029852,130.846,1.5,True
407.1,5.161,650.8,7.131,301.26,367.31,19.21,473.095,1.251,0.21925,0.107489,78.885,1.563,True
897.43,7.852,1150.3,6.381,276.38,381.12,19.84,748.159,1.5604,0.37897,0.054416,114.29,1.945,True
3794.89,2.83,1293.6,5.748,280.74,428.47,20.29,758.017,5.8671,0.52624,0.043592,1340.982,5.749,True
2131.74,3.59,1169.0,1.394,105.59,133.18,10.11,166.131,3.6471,0.26123,0.011699,593.824,4.005,True
1826.03,5.121,1361.6,3.589,198.99,246.16,27.51,498.068,2.6823,0.23705,0.025856,356.556,4.558,True
1404.76,0.867,1102.1,4.056,136.7,188.51,18.44,455.661,2.5493,0.37898,0.036104,1620.542,3.736,True
2867.61,5.395,1382.9,2.872,327.73,448.87,37.59,404.811,4.1472,0.36966,0.02037,531.549,3.081,True
2578.85,3.269,1215.3,6.025,361.38,548.72,45.37,746.428,4.244,0.51842,0.048637,788.912,3.514,True
2177.05,6.519,977.3,6.78,228.01,272.78,13.86,675.508,4.455,0.19634,0.068058,333.952,10.245,True
3399.57,1.011,936.7,3.006,118.82,151.56,19.18,287.033,7.2584,0.27556,0.03148,3361.912,10.61,True
255.79,6.721,1627.9,3.292,112.23,156.04,7.63,546.264,0.3143,0.39034,0.019838,38.059,1.5,True
1586.69,7.692,1794.6,6.291,165.73,236.17,25.82,1150.783,1.7683,0.42507,0.034389,206.268,4.359,True
1673.8,5.343,612.9,2.068,238.53,289.93,17.86,129.193,5.4621,0.2155,0.033101,313.294,3.458,True
3377.96,7.92,1267.2,6.793,396.71,478.68,46.51,877.459,5.3315,0.20664,0.05259,426.532,9.162,True
1691.78,1.192,1506.4,3.753,219.57,265.74,16.94,576.353,2.2461,0.21027,0.024443,1418.841,4.39,True
3646.99,0.93,879.4,2.69,226.67,313.84,28.11,241.186,8.2941,0.38458,0.030012,3919.799,5.529,True
519.64,2.403,1612.3,5.282,280.71,398.07,46.16,868.1,0.6446,0.41808,0.032138,216.233,1.5,True
420.81,3.313,1247.4,3.038,347.12,466.2,57.38,386.364,0.6747,0.34303,0.023895,127.022,1.5,True
3437.66,4.335,1691.5,4.903,349.09,449.02,43.57,845.461,4.0647,0.28624,0.028438,792.917,5.777,True
2219.36,1.377,1078.3,7.38,274.48,335.14,27.68,811.174,4.1166,0.221,0.067143,1611.913,8.53,True
928.09,0.784,1713.0,3.862,164.56,228.64,8.41,674.277,1.0836,0.38939,0.022115,1184.257,1.836,True
1256.48,5.802,1360.5,7.864,270.92,363.31,44.49,1090.575,1.8471,0.341,0.0567,216.544,3.444,True
3632.65,5.933,1755.9,6.365,354.71,424.11,56.71,1139.253,4.1378,0.19564,0.035562,612.263,10.243,True
1872.34,4.693,1384.9,7.774,394.76,499.48,63.19,1097.437,2.7039,0.26529,0.055064,398.966,4.566,True
3049.94,3.164,748.6,0.807,324.3,436.46,64.16,61.593,8.1479,0.34588,0.010576,963.936,3.037,True
1966.9,7.837,1093.9,6.453,88.84,121.9,15.13,719.517,3.5962,0.37218,0.057867,250.989,11.449,True
3713.87,6.687,644.4,3.295,76.56,91.39,11.58,216.448,11.5272,0.19371,0.050168,555.376,25.753,True
2910.38,6.326,1638.5,6.046,332.3,388.65,28.31,1009.809,3.5524,0.16959,0.036196,460.101,9.501,True
2563.21,6.95,605.4,4.36,290.28,337.26,31.99,269.049,8.4678,0.16184,0.070646,368.801,8.967,True
3603.41,5.57,885.2,6.896,178.33,265.95,16.91,622.237,8.1416,0.49134,0.076422,646.94,10.104,True
2443.22,3.537,929.8,7.149,123.78,146.55,12.54,677.598,5.2554,0.18392,0.075429,690.69,22.305,True
2927.03,6.575,1798.5,2.723,198.7,239.38,27.07,499.162,3.255,0.20473,0.014851,445.176,6.269,True
3990.8,5.787,1314.3,3.443,371.2,500.66,26.04,461.231,6.0731,0.34877,0.025698,689.673,4.689,True
1588.44,1.097,842.4,0.633,214.12,300.58,21.73,54.314,3.7713,0.40382,0.007366,1447.94,1.5,True
1797.45,7.698,1502.4,4.556,156.74,236.49,13.36,697.795,2.3928,0.5088,0.029752,233.491,3.492,True
1436.3,7.327,1235.5,6.067,260.85,368.16,24.76,764.113,2.3251,0.41138,0.048178,196.027,2.892,True
1117.21,2.986,786.5,7.057,156.3,214.85,26.38,565.833,2.8409,0.3746,0.088023,374.095,4.49,True
3178.53,3.844,1171.5,7.96,289.36,427.06,53.64,950.613,5.4264,0.47586,0.066658,826.869,6.592,True
3192.84,1.97,1274.6,1.264,281.99,432.05,35.79,164.257,5.0099,0.53214,0.00973,1620.463,2.23,True
1845.3,0.865,1751.7,1.273,73.97,92.34,4.43,227.228,2.1068,0.24843,0.007126,2132.707,4.085,True
1929.45,4.419,975.1,0.882,97.94,127.7,5.79,87.688,3.9575,0.3038,0.008876,436.621,2.733,True
2853.12,2.132,962.5,3.456,201.65,232.03,13.47,339.072,5.9286,0.15066,0.035224,1338.267,10.547,True
3478.51,0.609,1209.8,4.171,173.25,229.13,28.95,514.414,5.7505,0.32253,0.033824,5710.662,8.74,True
3396.57,2.527,987.0,2.319,223.15,317.62,18.8,233.278,6.8827,0.4233,0.023046,1344.337,4.317,True
1456.8,7.485,658.3,3.956,301.93,365.39,17.24,265.445,4.426,0.21018,0.058951,194.633,3.781,True
725.18,7.399,611.1,1.912,70.64,84.36,10.1,119.133,2.3733,0.19425,0.030699,98.007,3.443,True
1118.23,4.812,1308.2,6.871,61.61,91.89,8.8,916.266,1.7095,0.49135,0.051522,232.375,7.37,True
818.43,6.32,1626.6,2.407,372.39,495.94,52.33,399.099,1.0063,0.33178,0.014517,129.503,1.5,True
3941.67,3.275,1575.8,2.888,331.73,461.21,27.35,463.902,5.0028,0.39029,0.017979,1203.428,3.876,True
1773.3,2.951,693.7,0.724,177.8,205.83,13.3,51.182,5.1124,0.15761,0.010235,601.016,2.771,True
2955.7,5.84,1486.3,2.879,362.61,503.13,24.99,436.139,3.9773,0.38753,0.019,506.123,2.829,True
746.13,5.729,807.5,4.305,397.2,457.42,20.85,354.351,1.8479,0.1516,0.052294,130.24,1.995,True
3973.72,4.926,752.3,7.23,359.33,490.3,51.48,554.424,10.5643,0.36448,0.094277,806.63,9.096,True
1238.11,0.974,1313.5,2.711,285.63,424.02,15.06,362.936,1.8852,0.4845,0.020245,1271.363,1.5,True
2463.71,2.311,1648.7,2.402,267.66,367.08,29.29,403.761,2.9887,0.37142,0.014295,1065.861,2.505,True
2774.96,5.971,1280.3,6.188,394.36,519.65,50.16,807.632,4.3348,0.31771,0.047414,464.763,5.003,True
247.39,6.491,1224.3,3.56,91.98,138.52,10.05,444.248,0.4041,0.50586,0.028524,38.114,1.5,True
2793.81,1.705,1753.9,1.838,127.84,190.95,23.89,328.659,3.1859,0.49359,0.010282,1638.244,3.155,True
1006.16,4.077,1480.2,7.088,188.88,256.27,30.46,1069.443,1.3595,0.35681,0.046974,246.818,3.267,True
2978.32,6.394,1283.9,1.285,367.35,549.64,62.34,168.129,4.6394,0.49623,0.009815,465.806,1.959,True
579.48,2.113,1492.3,0.674,392.94,511.15,62.04,102.462,0.7766,0.30086,0.004428,274.304,1.5,True
3572.77,3.52,983.0,5.066,257.54,338.31,36.12,507.567,7.2694,0.31366,0.050555,1014.916,8.234,True
3754.45,4.061,836.1,3.329,194.0,233.27,14.44,283.729,8.981,0.20244,0.03906,924.619,11.292,True
2801.34,3.112,1745.9,2.327,93.63,135.9,17.06,414.13,3.2091,0.4514,0.013075,900.133,5.129,True
1256.83,2.095,822.9,4.415,219.26,274.9,12.45,370.363,3.0546,0.25378,0.052632,599.79,3.611,True
2029.67,7.699,1383.0,4.216,97.64,122.14,9.2,594.418,2.9351,0.25097,0.029907,263.625,10.316,True
3106.25,7.088,1682.0,7.884,394.0,603.3,23.94,1351.794,3.6936,0.5312,0.045985,438.262,4.269,True
723.62,2.853,1263.5,1.227,347.57,485.45,45.66,158.074,1.1454,0.3967,0.009529,253.629,1.5,True
828.18,2.474,792.4,6.889,258.64,373.49,24.42,556.479,2.0904,0.44405,0.085296,334.742,1.969,True
1610.76,3.596,1512.0,6.293,130.32,198.94,8.87,969.887,2.1306,0.52662,0.040827,447.94,4.629,True
3605.26,1.343,917.4,6.849,121.03,159.2,14.22,640.492,7.8593,0.31543,0.07323,2684.63,19.832,True
1131.98,5.856,1621.6,7.059,175.37,238.91,15.3,1166.911,1.3961,0.36234,0.042706,193.309,3.816,True
1130.23,1.793,1728.0,7.16,324.3,440.1,40.08,1261.213,1.3081,0.35706,0.040647,630.257,2.28,True
2213.03,4.571,1121.5,1.488,102.73,157.26,12.56,170.126,3.9466,0.5309,0.013018,484.188,2.815,True
3822.18,1.81,1265.3,2.058,146.08,169.75,9.91,265.427,6.0415,0.16202,0.015955,2111.155,10.791,True
3684.02,2.979,1329.8,3.988,196.15,267.31,15.32,540.524,5.5409,0.36275,0.029418,1236.522,7.24,True
3956.69,6.655,1489.9,4.016,111.98,170.01,11.33,609.902,5.3112,0.51827,0.02644,594.502,8.99,True
390.41,3.134,1553.3,5.17,315.29,462.67,25.79,818.685,0.5027,0.46745,0.032653,124.579,1.5,True
3710.38,3.841,1366.8,0.517,397.75,502.1,23.59,72.077,5.4292,0.26236,0.003713,965.961,2.126,True
1941.4,1.555,782.8,5.242,193.6,294.02,18.95,418.297,4.9602,0.51874,0.065695,1248.629,4.226,True
2959.48,4.012,1391.9,4.998,220.75,337.75,22.39,709.126,4.2523,0.53002,0.035222,737.633,4.691,True
873.49,5.618,1615.2,0.802,212.88,320.8,34.58,132.033,1.0816,0.507,0.00487,155.484,1.5,True
3968.87,4.532,1392.0,2.769,382.16,495.49,61.44,392.852,5.7024,0.29653,0.019512,875.654,4.33,True
1731.93,4.757,1463.7,4.317,368.41,485.46,54.18,644.136,2.3665,0.31772,0.028933,364.046,2.436,True
1500.98,3.62,1128.1,1.444,91.19,129.21,13.53,165.995,2.6612,0.417,0.012554,414.593,2.338,True
2719.06,0.746,991.9,1.984,324.57,484.99,28.24,200.553,5.4828,0.49425,0.019619,3643.521,2.553,True
2737.83,1.557,930.2,1.54,156.4,222.07,29.18,146.014,5.8866,0.41989,0.01624,1758.077,3.5,True
969.59,4.611,1441.7,7.647,267.42,334.82,38.46,1123.785,1.3451,0.25204,0.052034,210.259,3.375,True
1417.87,7.823,1079.6,5.641,67.9,88.95,12.31,620.772,2.6266,0.31002,0.051255,181.235,11.053,True
2518.86,3.885,1723.1,6.905,169.55,231.92,20.94,1212.842,2.9236,0.36782,0.03931,648.327,8.412,True
2602.37,3.072,893.0,7.345,374.12,556.44,73.6,668.65,5.8281,0.48733,0.080684,847.009,4.581,True
3030.97,6.259,1515.1,4.105,215.19,268.15,31.57,633.929,4.001,0.24609,0.026576,484.293,7.547,True
1299.42,2.508,1303.2,3.575,134.41,198.45,24.07,474.883,1.9943,0.47642,0.026911,518.154,2.558,True
837.26,0.656,1003.4,6.481,345.32,416.22,57.37,662.903,1.6689,0.20533,0.063369,1277.18,2.568,True
639.68,3.486,1798.3,1.944,112.35,148.2,16.06,356.446,0.7114,0.31912,0.010607,183.474,1.5,True
3745.02,7.858,683.6,1.535,328.85,413.78,60.09,106.959,10.9573,0.25825,0.022029,476.583,5.116,True
2721.12,1.428,1599.0,1.823,203.99,279.64,25.52,297.097,3.4035,0.37087,0.011182,1906.013,2.792,True
2807.42,5.43,1790.5,7.996,235.6,279.91,37.5,1459.311,3.136,0.18808,0.043809,517.031,14.627,True
3911.32,2.956,1153.5,3.686,77.48,109.94,7.98,433.376,6.782,0.41891,0.031348,1323.353,14.034,True
3192.36,6.758,1585.5,3.625,169.33,245.44,28.82,585.866,4.027,0.44953,0.022429,472.405,5.316,True
2066.78,7.208,772.7,7.093,92.67,112.26,12.05,558.686,5.3496,0.21141,0.090052,286.717,21.82,True
456.57,0.991,600.6,3.772,323.37,376.38,47.81,230.966,1.5203,0.16394,0.061614,460.822,1.5,True
3327.88,1.843,776.2,6.956,339.86,464.11,58.76,550.408,8.5744,0.36558,0.087909,1805.486,7.606,True
552.47,3.519,1485.4,2.431,315.79,426.85,51.33,368.067,0.7439,0.35167,0.016055,156.99,1.5,True
1965.78,3.322,863.0,2.063,315.51,377.84,19.84,181.477,4.5556,0.19756,0.023448,591.659,3.124,True
869.91,1.898,1587.7,3.489,396.73,478.02,58.73,564.655,1.0958,0.20488,0.021556,458.434,1.5,True
1905.17,3.508,1650.1,7.817,356.77,437.73,29.65,1314.861,2.3092,0.22692,0.046473,543.156,5.663,True
2693.08,2.739,1481.7,4.748,247.31,366.37,38.72,717.146,3.6352,0.48142,0.031437,983.157,3.992,True
301.0,0.966,1321.9,4.146,148.46,195.59,24.3,558.721,0.4554,0.31746,0.030772,311.59,1.5,True
3341.12,4.753,1062.4,2.53,237.45,302.97,31.96,274.029,6.2895,0.2759,0.023363,702.943,5.373,True
2771.28,1.089,601.3,2.092,364.13,512.89,27.6,128.229,9.2179,0.40852,0.034133,2544.825,3.818,True
3583.0,4.078,1171.3,7.517,80.23,99.16,11.06,897.475,6.1179,0.23607,0.062953,878.688,40.254,True
942.85,5.628,856.9,1.244,130.37,171.98,9.96,108.636,2.2006,0.31909,0.014238,167.513,1.5,True
711.83,6.966,984.5,3.206,78.79,101.87,7.07,321.705,1.4461,0.29295,0.031944,102.185,3.105,True
2519.84,2.12,1666.0,7.472,93.94,112.07,6.32,1269.059,3.025,0.19296,0.044,1188.668,28.971,True
2554.36,1.503,1622.9,6.157,338.74,460.82,67.58,1018.553,3.148,0.36042,0.037219,1699.996,4.425,True
367.87,3.569,988.7,7.615,256.13,377.15,19.35,767.48,0.7441,0.47248,0.075554,103.062,1.5,True
3918.81,4.29,1192.4,7.782,189.45,247.99,26.09,945.859,6.5729,0.30901,0.06402,913.49,16.045,True
686.6,2.976,831.8,1.275,354.49,491.23,36.8,108.083,1.6508,0.38573,0.015032,230.71,1.5,True
1752.94,3.793,1359.8,7.451,377.15,492.78,37.48,1032.763,2.5783,0.3066,0.053753,462.123,3.825,True
1913.98,4.803,1154.2,5.441,248.5,317.65,25.31,640.112,3.3166,0.27829,0.046243,398.52,5.063,True
1638.65,1.3,799.3,5.923,192.29,237.64,25.84,482.608,4.1003,0.23582,0.072701,1260.178,7.013,True
3071.05,2.505,1592.1,7.456,263.11,372.99,15.23,1210.144,3.8577,0.41758,0.045942,1226.005,6.788,True
3792.98,3.504,1708.7,4.842,61.57,71.76,9.36,843.425,4.4397,0.16542,0.027801,1082.351,50.053,True
2338.14,0.796,1492.2,6.891,228.78,305.72,11.63,1048.171,3.1339,0.3363,0.045305,2936.106,6.598,True
3189.27,3.047,1654.5,3.298,252.13,317.21,18.68,556.22,3.8552,0.25814,0.019554,1046.589,5.523,True
3144.65,4.275,1243.8,7.741,387.62,578.42,30.29,981.414,5.0566,0.49226,0.061052,735.63,4.964,True
2458.24,7.098,1049.4,1.258,335.73,450.78,45.21,134.598,4.6852,0.34271,0.011763,346.314,2.132,True
3932.15,5.093,1110.0,3.275,201.99,241.86,34.18,370.544,7.0851,0.19736,0.028944,772.014,10.853,True
3383.32,2.705,964.6,7.058,68.15,92.56,8.15,693.921,7.0153,0.35818,0.071778,1250.98,28.532,True
2822.48,1.809,1402.0,3.326,270.36,315.25,32.24,475.265,4.0264,0.16604,0.023269,1560.159,6.857,True
2184.55,2.186,767.5,1.914,177.01,210.41,34.0,149.719,5.6923,0.18872,0.024457,999.331,5.088,True
1738.98,6.586,1769.3,1.106,281.57,421.95,40.87,199.387,1.9657,0.49856,0.00613,264.026,1.5,True
1830.3,3.79,643.1,4.51,397.8,610.03,22.3,295.613,5.6923,0.53348,0.068791,482.933,2.758,True
2882.03,2.833,1683.6,0.838,378.2,561.62,25.58,143.879,3.4237,0.48499,0.004885,1017.285,1.5,True
427.33,6.777,786.9,4.512,371.35,511.35,40.69,361.909,1.0861,0.37698,0.056246,63.058,1.5,True
1891.06,1.067,1762.5,2.83,124.38,157.27,24.21,508.432,2.1459,0.26442,0.015751,1772.204,5.04,True
558.29,7.018,1449.4,6.725,391.81,582.56,75.03,993.63,0.7704,0.48686,0.045518,79.55,1.5,True
682.35,6.489,1254.8,4.576,365.63,562.61,56.94,585.35,1.0876,0.53872,0.035776,105.158,1.5,True
2035.17,3.977,1063.6,3.212,193.11,229.01,11.9,348.247,3.8269,0.1859,0.029625,511.684,6.068,True
3163.51,3.901,1716.8,5.092,71.96,87.29,5.82,891.077,3.6853,0.21301,0.029094,810.96,29.496,True
3907.8,2.218,1218.9,7.521,392.25,488.17,22.5,934.536,6.412,0.24454,0.060533,1761.529,10.202,True
783.69,1.069,834.1,4.764,370.23,505.33,53.28,405.108,1.879,0.36489,0.05603,733.356,1.5,True
967.1,6.524,1341.3,6.981,382.61,493.24,24.33,954.534,1.442,0.28916,0.051056,148.229,2.081,True
1058.53,3.84,1734.8,3.337,322.06,440.0,24.93,590.183,1.2203,0.36619,0.018872,275.657,1.5,True
1418.79,5.434,1407.4,3.761,137.74,198.17,10.38,539.541,2.0162,0.43876,0.026213,261.113,2.99,True
3759.34,1.99,728.8,4.232,236.65,320.25,27.33,314.418,10.3169,0.35328,0.056972,1888.656,8.237,True
3980.3,4.198,1173.5,3.663,82.72,114.75,6.96,438.221,6.7834,0.38718,0.030622,948.034,14.334,True
2622.91,0.976,1777.7,4.018,364.9,489.04,21.55,728.016,2.951,0.34022,0.022171,2686.951,3.178,True
3324.41,5.397,1538.1,3.711,276.9,413.27,40.06,581.89,4.3227,0.49249,0.02367,616.024,3.741,True
1521.16,5.503,1406.2,7.704,186.11,245.67,31.98,1104.396,2.1635,0.32003,0.053747,276.438,5.965,True
2121.9,6.051,1151.7,2.116,313.37,376.81,25.0,248.434,3.685,0.20246,0.018026,350.69,3.018,True
2581.93,6.13,1673.6,2.544,97.65,149.63,7.14,434.085,3.0854,0.53242,0.014914,421.211,4.34,True
951.13,2.756,1235.3,7.121,318.59,456.62,24.3,896.696,1.54,0.43326,0.056554,345.134,1.788,True
1559.19,4.14,776.9,2.551,164.83,197.95,21.85,202.007,4.0138,0.20091,0.032208,376.599,4.449,True
2879.11,1.117,1177.3,6.367,314.32,463.94,36.85,764.086,4.8908,0.47603,0.053048,2576.396,4.777,True
3318.12,2.382,1033.0,1.823,218.94,286.12,18.86,191.923,6.4244,0.30682,0.01731,1393.246,4.36,True
3056.77,2.922,927.4,1.482,209.2,265.93,22.05,140.067,6.5924,0.27119,0.015674,1045.955,4.135,True
1096.79,6.247,1716.0,4.234,278.62,417.06,55.67,740.714,1.2783,0.49687,0.024208,175.561,1.5,True
2531.36,7.184,1690.3,6.436,216.72,256.26,11.35,1108.947,2.9951,0.18246,0.037351,352.343,12.03,True
2013.36,4.258,1088.8,4.761,247.74,367.8,16.42,528.463,3.6982,0.48465,0.042897,472.85,3.267,True
1055.68,6.468,1617.4,7.961,356.79,537.31,34.66,1312.584,1.3054,0.50596,0.048287,163.209,1.649,True
1726.31,2.584,1327.6,7.541,177.18,243.23,16.73,1020.507,2.6007,0.3728,0.055725,668.122,6.105,True
845.24,2.044,669.5,7.62,196.98,292.25,29.98,520.046,2.5249,0.48365,0.111644,413.447,2.584,True
929.3,1.898,1574.4,2.485,370.52,446.85,56.19,398.867,1.1805,0.20602,0.015486,489.512,1.5,True
3295.0,2.341,931.4,7.734,149.96,198.25,17.23,734.325,7.075,0.32198,0.081453,1407.58,16.381,True
1161.53,6.341,1526.2,3.337,343.94,424.85,17.42,519.223,1.5221,0.23523,0.021452,183.182,1.751,True
2370.44,7.956,646.4,2.06,236.43,348.49,14.98,135.731,7.3346,0.47398,0.031264,297.937,3.378,True
1701.89,6.128,1045.9,1.916,126.47,166.18,15.42,204.295,3.2546,0.31402,0.017974,277.707,3.195,True
3474.89,5.353,1428.5,7.872,200.03,262.3,37.71,1146.339,4.8652,0.31134,0.054063,649.189,13.327,True
1134.33,6.001,1505.5,1.233,219.2,269.66,17.06,189.285,1.5069,0.23022,0.008037,189.035,1.5,True
1962.55,2.742,1555.3,7.307,332.93,418.29,30.34,1158.454,2.5237,0.25641,0.04609,715.793,5.296,True
1167.97,1.599,1732.6,3.515,136.39,203.05,14.99,620.852,1.3483,0.48867,0.019904,730.308,2.069,True
333.44,1.798,1367.1,6.372,131.72,199.81,23.4,887.959,0.4878,0.51696,0.045723,185.415,1.5,True
3423.85,2.285,660.6,7.006,163.97,229.16,26.89,471.789,10.3652,0.39757,0.104028,1498.603,13.05,True
687.51,6.378,1726.2,5.963,210.02,315.16,27.12,1049.244,0.7966,0.50067,0.033886,107.791,1.5,True
3030.13,6.672,1499.2,2.659,100.07,124.62,12.55,406.351,4.0423,0.24534,0.017398,454.174,10.079,True
2120.05,4.912,1074.1,6.402,370.47,462.61,59.45,700.937,3.9475,0.24869,0.058467,431.645,5.164,True
2776.29,4.471,826.2,6.464,386.61,556.23,72.56,544.444,6.7203,0.43873,0.076751,620.974,4.875,True
3939.9,3.205,1365.9,4.054,395.45,469.61,44.23,564.516,5.7691,0.18752,0.02912,1229.232,7.551,True
3527.05,2.702,1545.4,3.371,393.19,591.13,37.43,531.008,4.5647,0.50341,0.021399,1305.357,2.992,True
3126.73,3.093,1327.6,5.439,342.06,396.72,28.4,736.033,4.7102,0.15978,0.040186,1010.992,9.819,True
2905.29,4.77,1194.7,0.914,178.41,266.91,9.75,111.322,4.8635,0.49604,0.007506,609.066,2.27,True
1706.46,7.594,661.1,6.123,147.59,220.89,23.9,412.591,5.1628,0.49664,0.090861,224.708,5.4,True
3565.68,2.198,1237.6,6.345,143.54,178.32,7.76,800.375,5.7625,0.2423,0.050293,1622.354,19.302,True
3842.36,5.854,1362.7,6.08,240.75,322.71,28.27,844.546,5.6394,0.34045,0.04377,656.351,9.392,True
2633.67,2.091,1665.7,6.588,178.85,247.07,12.73,1118.621,3.1623,0.38144,0.038801,1259.31,7.82,True
3894.92,7.281,1706.3,2.991,117.51,145.09,7.46,520.271,4.5654,0.23471,0.017198,534.913,12.782,True
656.42,1.128,1787.8,1.055,105.06,155.59,14.4,192.343,0.7343,0.4809,0.005791,582.112,1.5,True
3142.79,5.269,1658.6,5.289,237.52,340.87,27.82,894.146,3.7897,0.4351,0.031279,596.496,5.482,True
1515.04,4.061,803.7,6.474,148.64,180.06,12.92,530.388,3.7704,0.21141,0.07903,373.105,9.564,True
3399.87,3.043,1423.3,6.923,86.43,125.85,8.31,1004.417,4.7776,0.45601,0.047718,1117.095,17.567,True
1023.16,5.698,1691.8,2.713,253.4,320.79,33.74,467.801,1.2096,0.26593,0.01573,179.57,1.5,True
2563.08,5.116,1348.3,1.513,295.8,420.01,45.08,207.956,3.8021,0.4199,0.011009,500.945,1.984,True
481.47,3.907,1090.8,1.15,135.61,179.86,21.89,127.914,0.8827,0.32639,0.010345,123.245,1.5,True
1100.84,6.74,1255.0,6.203,220.67,297.83,31.55,793.548,1.7544,0.34968,0.04849,163.325,2.917,True
3726.29,4.239,1234.4,5.015,310.76,366.3,39.58,631.033,6.0375,0.17874,0.039855,878.963,10.901,True
2030.05,7.42,1192.2,4.012,387.15,515.0,29.86,487.627,3.4055,0.33023,0.033016,273.574,2.743,True
1024.28,1.304,600.7,3.74,321.54,464.11,17.63,228.981,3.4104,0.44339,0.061073,785.258,1.749,True
2365.94,1.742,1729.3,1.755,273.06,349.65,39.93,309.411,2.7363,0.2805,0.009957,1358.409,2.286,True
1766.58,6.221,876.8,7.293,230.07,334.16,40.83,651.885,4.0295,0.45244,0.081601,283.954,4.553,True
3995.55,2.257,944.3,2.378,149.38,206.58,29.73,228.921,8.4627,0.38298,0.024708,1770.137,7.026,True
3963.06,4.498,1366.8,6.95,377.2,464.54,48.76,968.317,5.7989,0.23154,0.04988,881.047,10.26,True
3364.78,2.844,1127.8,7.892,394.92,597.29,67.04,907.293,5.9671,0.51244,0.068651,1183.242,5.335,True
1222.7,2.974,1256.7,4.706,231.87,325.7,25.8,602.854,1.9458,0.40467,0.036733,411.088,2.24,True
3046.86,3.068,996.8,1.454,124.16,185.03,14.52,147.763,6.1132,0.49021,0.014311,993.023,3.801,True
1065.9,6.219,1264.8,0.659,167.56,204.56,24.86,84.921,1.6855,0.2208,0.005109,171.39,1.5,True
1245.12,1.081,665.9,4.863,67.39,100.37,4.94,330.107,3.7395,0.48952,0.071638,1152.24,6.081,True
2504.95,3.891,1131.4,1.038,332.94,501.81,17.2,119.771,4.428,0.50722,0.009004,643.832,1.745,True
878.7,7.289,1259.4,1.625,128.95,182.33,20.47,208.653,1.3954,0.41399,0.01266,120.553,1.5,True
2477.82,7.653,1192.9,2.752,222.26,287.57,18.59,334.642,4.1544,0.29387,0.022632,323.759,4.067,True
374.66,3.206,1453.7,0.638,209.32,294.64,29.63,94.584,0.5155,0.4076,0.004307,116.849,1.5,True
3151.26,6.598,1454.0,1.271,221.51,308.2,19.23,188.386,4.3345,0.39136,0.008575,477.62,2.549,True
361.7,2.255,1145.9,3.604,120.07,177.67,22.67,421.027,0.6313,0.47977,0.030858,160.428,1.5,True
965.12,7.479,621.4,7.437,383.66,443.05,63.09,471.125,3.1061,0.15482,0.117405,129.047,4.197,True
3886.77,7.304,1764.9,4.627,86.57,128.99,12.3,832.49,4.4046,0.48992,0.025722,532.166,12.778,True
2536.0,3.688,1286.2,1.652,311.52,367.6,49.68,216.577,3.9434,0.18001,0.012599,687.696,3.201,True
3426.12,4.096,1211.8,2.842,389.62,562.31,41.05,351.014,5.6546,0.44325,0.023004,836.4,3.219,True
864.27,2.225,1156.7,7.569,309.61,382.71,55.4,892.499,1.4944,0.2361,0.064195,388.454,2.866,True
1637.16,6.903,890.0,5.14,375.07,470.02,57.74,466.337,3.6789,0.25316,0.056652,237.176,3.498,True
3951.79,1.714,706.1,5.556,175.51,206.84,21.29,399.931,11.1936,0.1785,0.077199,2305.019,22.294,True
3064.33,2.71,1002.1,6.843,236.82,352.18,27.7,698.962,6.1161,0.48709,0.06699,1130.788,6.746,True
3821.31,5.416,739.1,7.138,226.35,273.13,16.5,537.787,10.3407,0.20666,0.094747,705.574,18.857,True
2812.63,0.951,943.9,1.548,209.97,276.26,26.93,148.987,5.9595,0.31574,0.016092,2958.929,3.563,True
1262.62,0.837,1337.3,3.303,281.45,335.91,14.65,450.237,1.8884,0.19347,0.02423,1508.283,2.636,True
1143.52,3.978,1072.9,6.577,188.46,256.72,26.2,719.334,2.1317,0.36218,0.06014,287.428,3.616,True
282.96,4.412,1013.8,3.66,94.1,137.68,18.01,378.195,0.5582,0.46313,0.035412,64.134,1.5,True
284.62,5.05,1516.6,2.636,327.77,459.84,62.07,407.531,0.3753,0.40294,0.017051,56.359,1.5,True
3927.82,0.913,1133.9,4.602,109.89,141.16,21.77,531.986,6.9278,0.28451,0.039817,4300.4,17.699,True
261.68,3.949,1611.2,2.929,223.13,343.89,27.05,481.099,0.3248,0.54122,0.017835,66.271,1.5,True
697.5,0.983,1734.5,2.494,231.38,274.48,26.27,440.887,0.8043,0.18628,0.014103,709.752,1.5,True
3734.4,4.318,1765.4,2.441,231.55,345.89,27.15,439.319,4.2307,0.49381,0.013566,864.874,3.423,True
1262.05,6.931,1067.9,4.48,392.02,480.06,37.32,487.717,2.3637,0.22459,0.04116,182.101,2.444,True
318.06,3.5,840.2,5.6,121.65,172.73,10.89,479.659,0.7571,0.41993,0.065386,90.886,1.5,True
1549.83,3.182,1460.1,3.999,182.84,272.63,24.83,595.177,2.1229,0.49105,0.026867,487.127,2.502,True
1012.56,7.261,1011.2,0.792,228.16,273.7,19.57,81.672,2.0027,0.19958,0.007687,139.458,1.5,True
3039.02,1.568,1568.3,7.527,266.22,381.8,41.81,1203.317,3.8755,0.43414,0.047081,1938.691,6.51,True
3972.67,3.127,795.4,4.394,241.3,294.67,34.26,356.26,9.9888,0.22116,0.054188,1270.286,11.833,True
253.67,7.465,917.5,0.797,96.8,120.63,8.82,74.512,0.553,0.2461,0.008519,33.983,1.5,True
324.68,2.667,831.5,3.34,190.96,245.49,18.94,283.081,0.7809,0.2856,0.0394,121.729,1.5,True
540.98,0.787,842.5,6.175,396.88,603.81,49.86,530.332,1.2842,0.52141,0.071897,687.816,1.5,True
2220.93,2.928,1528.7,6.236,347.05,523.43,39.96,971.728,2.9056,0.5082,0.040015,758.54,2.993,True
3114.13,6.567,970.2,7.469,92.08,142.51,15.24,738.672,6.4199,0.54771,0.075528,474.183,14.387,True
554.43,5.456,641.0,6.276,331.74,461.43,59.22,410.119,1.7298,0.39096,0.096053,101.616,1.5,True
571.96,2.642,1097.0,0.818,212.39,266.78,23.13,91.522,1.0428,0.25609,0.007319,216.5,1.5,True
1815.39,7.108,924.4,7.203,204.83,262.41,25.68,678.755,3.9277,0.28112,0.07644,255.414,7.314,True
1787.42,2.505,1203.2,1.639,179.66,247.26,20.12,200.967,2.9711,0.37632,0.013359,713.669,2.062,True
3330.87,2.5,1763.7,6.385,388.98,577.74,27.74,1148.025,3.7771,0.48525,0.035516,1332.485,4.177,True
2200.55,1.858,1581.9,4.881,149.57,227.63,10.06,787.101,2.7822,0.52184,0.030271,1184.465,4.553,True
2342.68,5.936,670.6,4.984,337.41,397.13,42.8,340.704,6.9866,0.17701,0.072906,394.676,7.378,True
1182.52,5.506,742.4,7.528,364.21,445.93,35.87,569.704,3.1856,0.22439,0.099471,214.783,3.899,True
2433.01,5.914,1131.2,1.672,95.41,147.88,11.29,192.819,4.3017,0.54991,0.014502,411.422,3.385,True
3515.62,4.17,1706.8,1.158,98.77,150.31,18.98,201.513,4.1195,0.52185,0.006657,843.159,3.37,True
1395.93,3.228,1142.9,3.621,124.62,188.09,10.97,421.899,2.4427,0.50935,0.031081,432.414,2.884,True
2880.04,1.097,646.5,5.403,175.27,247.51,11.24,356.069,8.9096,0.41218,0.081985,2625.489,8.492,True
3809.44,6.139,1651.5,1.524,168.85,219.06,22.05,256.487,4.6132,0.29734,0.00905,620.53,4.507,True
1328.1,1.049,1042.7,2.409,191.21,234.96,17.07,256.053,2.5475,0.22878,0.022667,1266.465,2.74,True
2582.42,3.472,1014.5,4.504,322.43,419.66,44.54,465.793,5.0912,0.30155,0.043557,743.712,4.76,True
3871.57,4.463,1691.8,6.453,79.96,105.68,12.37,1112.756,4.577,0.32164,0.037416,867.549,27.615,True
3949.51,3.992,711.3,4.715,103.03,149.46,13.0,341.899,11.1044,0.45061,0.065025,989.359,14.168,True
2949.04,7.033,1354.7,5.093,316.55,470.71,57.09,703.372,4.3537,0.48698,0.036882,419.298,3.939,True
338.43,4.716,859.5,6.953,280.46,369.66,21.94,609.166,0.7875,0.31809,0.079352,71.766,1.5,True
1488.29,5.808,845.2,1.202,361.93,526.86,28.94,103.554,3.5216,0.45568,0.013949,256.25,1.5,True
1310.78,7.793,1449.8,5.079,164.59,208.98,9.21,750.614,1.8082,0.26965,0.034366,168.193,4.595,True
2968.23,0.919,605.8,5.971,382.62,555.79,46.2,368.76,9.7989,0.4526,0.09669,3228.104,5.705,True
2046.97,3.827,989.6,4.413,206.59,287.01,38.16,445.142,4.1371,0.38927,0.043746,534.819,4.276,True
3981.04,1.183,1061.6,1.855,179.72,227.35,13.69,200.777,7.4999,0.26499,0.017144,3366.056,6.44,True
3103.49,4.273,1703.1,0.744,82.77,108.54,5.14,129.241,3.6445,0.31131,0.004288,726.381,3.516,True
1198.37,7.897,850.8,1.986,255.04,344.1,34.96,172.222,2.8172,0.3492,0.022899,151.758,1.567,True
1631.59,6.718,766.3,3.713,294.52,440.98,31.05,290.032,4.2584,0.49729,0.047532,242.868,2.395,True
2357.43,1.112,804.4,1.019,307.48,389.03,48.75,83.516,5.8615,0.26522,0.012422,2120.689,2.554,True
452.31,6.983,1602.6,1.167,68.08,79.82,12.12,190.644,0.5645,0.17252,0.007143,64.775,1.5,True
1091.87,4.657,1111.5,6.466,226.23,305.46,44.87,732.661,1.9647,0.35026,0.057073,234.447,2.997,True
770.49,6.747,662.1,4.082,361.35,511.71,55.21,275.528,2.3274,0.41609,0.060486,114.194,1.5,True
1200.61,3.697,1039.9,4.411,217.16,278.13,20.81,467.564,2.3091,0.28076,0.04161,324.712,3.039,True
1153.24,3.301,779.9,7.041,264.72,318.6,40.79,559.767,2.9573,0.20351,0.088559,349.324,4.959,True
3421.13,2.358,780.7,0.565,76.07,110.67,15.07,44.936,8.764,0.4549,0.007095,1451.007,4.137,True
370.55,6.136,686.2,4.941,317.07,410.18,16.37,345.635,1.0799,0.29368,0.070634,60.391,1.5,True
2461.72,7.935,909.1,1.921,102.13,140.14,14.24,178.046,5.4155,0.3721,0.02073,310.227,4.987,True
3210.63,6.173,1671.0,6.543,144.07,197.72,13.63,1114.595,3.8426,0.37235,0.038413,520.13,11.733,True
1453.18,7.496,1418.3,7.809,201.75,275.38,24.83,1129.044,2.0492,0.36498,0.054017,193.851,4.779,True
607.69,2.352,1233.2,1.005,376.7,451.86,30.02,126.372,0.9856,0.19954,0.007997,258.416,1.5,True
3108.22,1.317,1680.3,5.943,83.33,118.89,12.06,1017.922,3.6995,0.42674,0.034695,2359.511,15.143,True
3077.93,6.729,1462.0,4.896,169.64,242.4,32.83,729.717,4.2105,0.42891,0.032854,457.435,6.859,True
2432.58,5.516,1124.6,6.171,399.21,484.7,32.08,707.392,4.3263,0.21416,0.053832,440.993,6.042,True
2249.86,4.162,1285.9,0.868,197.45,273.12,27.2,113.784,3.4993,0.38319,0.006622,540.55,1.747,True
2697.87,5.93,1369.9,6.427,272.42,371.85,38.39,897.434,3.9389,0.365,0.046025,454.983,5.893,True
584.53,2.621,1232.9,7.047,290.88,345.03,40.39,885.688,0.9482,0.18616,0.056076,222.989,2.34,True
1042.6,6.032,1592.9,4.951,261.06,335.58,30.53,803.921,1.309,0.28544,0.03049,172.854,2.264,True
3483.61,5.953,1223.7,3.262,77.13,93.11,6.09,406.871,5.6936,0.2072,0.026148,585.228,20.917,True
1618.86,7.587,1206.2,2.261,95.96,123.33,16.54,278.037,2.6843,0.28532,0.018391,213.382,4.418,True
1656.7,6.317,1563.2,1.331,266.94,409.4,29.45,212.123,2.1196,0.53364,0.008354,262.28,1.5,True
393.59,7.432,1660.4,4.416,247.77,305.92,42.84,747.444,0.4741,0.2347,0.026091,52.955,1.5,True
2094.68,0.851,1419.6,7.629,341.91,431.11,19.83,1103.962,2.951,0.26088,0.052717,2462.314,5.725,True
3773.34,7.534,1238.9,5.317,217.28,286.36,14.76,671.528,6.0914,0.31791,0.042105,500.823,9.675,True
567.66,2.322,1604.0,1.594,137.08,187.72,11.28,260.582,0.7078,0.36945,0.009747,244.448,1.5,True
820.19,4.769,1041.7,5.196,370.15,448.03,69.22,551.778,1.5747,0.2104,0.048934,171.999,1.951,True
3629.46,6.735,1357.5,5.151,277.33,395.53,14.55,712.828,5.3471,0.4262,0.037223,538.876,5.877,True
3840.75,4.933,1537.8,3.33,64.22,86.94,8.1,521.931,4.9953,0.35389,0.021241,778.51,16.702,True
1860.56,3.114,899.8,4.457,187.59,288.52,14.25,408.766,4.1355,0.53797,0.048588,597.5,3.46,True
1414.73,2.775,1252.0,4.245,278.87,426.67,25.87,541.704,2.26,0.53,0.033259,509.756,1.776,True
2832.53,0.785,914.9,3.978,70.54,98.55,10.7,370.973,6.1922,0.39707,0.042655,3606.954,12.726,True
3037.58,4.423,1324.7,3.47,74.03,88.09,10.97,468.652,4.5859,0.18998,0.0257,686.823,21.627,True
3983.11,0.717,1269.1,6.133,341.1,466.66,48.77,793.358,6.2771,0.36808,0.047404,5555.678,7.139,True
2847.55,6.956,746.7,7.446,68.85,102.2,4.23,566.825,7.6266,0.48448,0.097823,409.346,19.463,True
939.59,0.629,1134.3,3.008,116.44,154.91,12.85,347.773,1.6567,0.33044,0.026012,1494.215,2.481,True
3117.11,7.209,1383.1,1.433,160.43,243.11,10.16,202.045,4.5075,0.51533,0.010165,432.382,2.812,True
1746.05,7.575,1740.8,3.584,286.91,382.37,46.77,635.99,2.006,0.3327,0.020197,230.516,2.373,True
320.01,1.667,1337.0,2.244,286.46,369.67,52.42,305.862,0.4787,0.29049,0.016466,191.994,1.5,True
3313.19,4.247,1527.5,2.534,228.05,280.27,40.85,394.486,4.3381,0.22899,0.016271,780.124,5.644,True
3327.66,7.276,1653.0,7.697,137.63,209.58,18.67,1296.93,4.0263,0.52273,0.04568,457.353,10.826,True
1805.48,4.747,1011.1,2.664,142.05,168.04,17.68,274.595,3.5712,0.18297,0.025848,380.36,6.071,True
3573.49,5.263,1225.2,3.714,217.9,268.82,37.79,463.897,5.8335,0.23371,0.029742,678.968,8.792,True
953.86,5.903,1512.0,4.812,353.39,447.55,64.4,741.583,1.2617,0.26642,0.031218,161.588,1.695,True
2971.76,6.511,1397.5,6.848,397.65,524.13,68.43,975.479,4.253,0.31807,0.048068,456.439,5.623,True
3029.4,3.951,1712.3,3.458,252.26,300.79,21.16,603.629,3.5383,0.19238,0.019812,766.697,6.894,True
3394.65,3.534,1072.9,2.345,227.15,334.44,41.86,256.453,6.328,0.47233,0.02144,960.434,3.903,True
466.43,4.854,1160.7,5.107,212.07,277.7,25.61,604.278,0.8037,0.30946,0.043163,96.099,1.5,True
2411.6,4.307,1166.6,6.634,313.52,403.36,53.33,788.866,4.1345,0.28655,0.055785,559.889,6.051,True
3443.87,1.736,1299.2,2.64,311.32,387.75,46.92,349.616,5.3015,0.24551,0.019933,1983.978,4.804,True
1169.47,4.382,1738.4,3.36,357.75,552.65,64.83,595.373,1.3455,0.54478,0.01896,266.853,1.5,True
830.29,6.665,638.6,3.45,356.05,507.55,46.25,224.561,2.6004,0.4255,0.052996,124.566,1.5,True
1673.88,6.611,1451.5,4.013,363.44,451.39,27.46,593.762,2.3065,0.24198,0.027123,253.197,2.756,True
2642.65,7.793,896.7,2.373,107.43,160.52,9.02,216.867,5.8941,0.49423,0.025955,339.117,4.959,True
2112.08,7.932,614.6,4.674,234.18,344.94,24.19,292.791,6.8734,0.47298,0.074603,266.258,4.47,True
1759.3,1.843,1489.0,6.385,106.47,139.19,19.58,969.174,2.3631,0.30738,0.042069,954.718,9.983,True
210.29,2.811,1266.1,3.006,152.5,203.43,11.78,387.908,0.3322,0.33401,0.02329,74.814,1.5,True
2212.58,5.83,1290.4,1.198,347.1,423.46,57.17,157.62,3.4294,0.21999,0.00911,379.545,1.967,True
1570.15,6.392,847.5,1.9,228.99,266.35,19.19,164.146,3.7052,0.16317,0.021992,245.626,3.269,True
2951.25,6.797,696.9,7.116,331.16,496.03,51.25,505.52,8.4691,0.49787,0.100157,434.222,5.982,True
2761.78,4.486,1383.3,7.393,94.18,120.2,5.73,1042.56,3.9929,0.27631,0.05243,615.687,22.397,True
3790.26,3.895,1410.4,6.808,396.94,482.17,67.45,978.864,5.3747,0.21471,0.047355,973.118,9.793,True
3572.21,0.962,1504.9,3.16,280.52,380.28,24.96,484.829,4.7474,0.35562,0.020602,3714.557,4.482,True
713.84,1.465,724.0,5.283,179.48,221.95,27.6,389.922,1.972,0.23665,0.07159,487.127,2.991,True
2810.03,4.59,1721.9,3.391,344.19,406.17,55.41,595.153,3.2638,0.18006,0.019316,612.227,5.133,True
3956.1,6.865,1295.6,5.201,180.12,256.09,29.82,686.858,6.107,0.42179,0.039379,576.286,9.149,True
3993.27,4.244,673.6,4.969,100.47,125.37,9.98,341.172,11.8571,0.24791,0.072369,940.871,25.081,True
2977.91,1.96,798.9,0.837,356.9,509.44,19.98,68.182,7.455,0.4274,0.010281,1519.204,2.678,True
307.51,4.734,939.0,4.975,207.77,315.66,19.36,476.264,0.6549,0.51933,0.051978,64.955,1.5,True
2780.75,1.0,1747.0,7.856,311.29,415.9,25.84,1398.994,3.1834,0.33608,0.044112,2780.747,6.596,True
3287.56,6.049,866.3,3.884,217.35,321.8,33.16,343.016,7.5895,0.48056,0.043982,543.487,5.58,True
2644.04,5.409,924.6,3.288,75.53,110.63,8.68,309.869,5.7195,0.46478,0.034885,488.847,8.407,True
1865.31,2.416,851.3,4.909,139.07,163.5,22.96,425.974,4.3822,0.17568,0.056564,772.18,11.44,True
1630.58,3.414,1117.6,6.613,169.08,245.72,32.28,753.352,2.9181,0.45321,0.058047,477.653,4.677,True
2711.3,3.794,1497.3,3.934,200.91,273.25,19.62,600.501,3.6215,0.36011,0.025775,714.545,5.07,True
596.15,3.67,748.6,3.578,249.36,379.59,13.82,273.071,1.5926,0.52228,0.04689,162.443,1.5,True
2561.54,3.987,624.3,2.372,100.28,124.02,9.14,150.931,8.2059,0.23672,0.037266,642.435,9.376,True
1724.96,4.515,601.2,1.714,91.81,125.77,9.12,105.041,5.7385,0.36987,0.027969,382.061,4.074,True
2283.91,2.241,629.1,7.56,96.82,116.26,6.97,484.808,7.2612,0.20074,0.117897,1018.924,26.179,True
3928.85,5.171,1332.3,7.9,90.07,138.69,7.26,1072.973,5.8976,0.5398,0.058169,759.832,19.017,True
2567.67,3.709,1060.7,7.484,110.74,171.51,11.83,809.27,4.8413,0.54883,0.069217,692.353,9.995,True
2665.34,7.763,669.1,7.421,253.06,362.31,18.32,506.205,7.9667,0.43176,0.108807,343.361,7.281,True
2226.87,5.584,1147.5,1.662,143.0,213.32,7.89,194.453,3.8813,0.49176,0.014212,398.795,2.587,True
2893.68,7.995,609.0,1.708,289.21,339.53,40.05,106.018,9.5034,0.174,0.027511,361.914,5.504,True
2799.2,4.952,1038.2,5.73,262.06,323.13,35.24,606.383,5.3923,0.23305,0.054138,565.234,8.712,True
3551.25,5.535,1166.1,2.912,89.2,111.31,4.61,346.146,6.0906,0.24785,0.024496,641.649,14.464,True
3949.18,2.246,1577.9,1.765,156.42,206.06,15.43,283.858,5.0058,0.31731,0.010973,1758.028,5.295,True
3233.73,7.687,1650.4,1.652,324.07,391.86,60.6,277.891,3.9188,0.20918,0.009819,420.679,3.304,True
2167.94,3.089,788.4,0.589,144.3,218.71,24.47,47.303,5.4994,0.51561,0.007323,701.775,2.113,True
3885.22,1.346,1310.6,2.429,244.6,312.64,22.63,324.464,5.9288,0.27818,0.018178,2887.273,5.525,True
2380.61,1.957,1163.0,5.381,103.58,157.68,13.04,637.92,4.0941,0.52224,0.045392,1216.737,7.626,True
3314.21,5.439,1452.0,5.871,357.53,498.92,32.8,868.978,4.565,0.39544,0.039665,609.352,5.088,True
578.14,5.086,679.6,2.31,80.64,110.44,5.97,160.013,1.7013,0.36956,0.033339,113.666,1.721,True
2519.55,6.452,1586.3,2.822,246.64,339.19,29.83,456.243,3.1767,0.3752,0.01745,390.482,3.028,True
2689.43,2.155,1775.1,1.236,341.94,474.48,29.66,223.578,3.0302,0.38764,0.006829,1248.202,1.586,True
3033.57,1.225,1529.3,4.925,97.66,115.41,15.88,767.751,3.9673,0.1818,0.031592,2476.059,23.925,True
1313.16,7.181,1514.5,5.736,154.73,221.81,29.74,885.601,1.7341,0.43358,0.037157,182.87,3.554,True
547.93,3.014,881.6,3.449,312.39,418.51,42.36,309.989,1.243,0.3397,0.038383,181.818,1.5,True
1393.79,1.646,920.3,6.948,264.82,344.58,44.62,651.786,3.0289,0.3012,0.074057,847.01,4.189,True
444.94,2.479,876.1,7.89,300.07,419.24,15.23,704.671,1.0157,0.39711,0.088347,179.498,1.5,True
900.38,5.303,1055.7,7.432,320.01,425.27,51.98,799.775,1.7058,0.32895,0.069065,169.786,2.229,True
3906.54,4.011,1371.0,7.39,144.55,217.49,9.34,1032.813,5.6987,0.50462,0.052877,973.893,12.402,True
2664.1,6.393,1337.5,4.217,269.9,326.76,22.22,574.893,3.9836,0.21067,0.030926,416.722,6.533,True
1225.62,5.024,1130.3,2.334,360.16,468.05,42.1,268.867,2.1687,0.29957,0.020254,243.974,1.5,True
1756.86,1.946,1478.0,3.863,65.53,100.62,11.29,582.057,2.3774,0.53561,0.025644,902.633,5.938,True
2949.53,7.031,1688.2,3.031,267.73,373.08,24.12,521.624,3.4943,0.39352,0.017614,419.486,3.341,True
1043.42,1.443,1391.2,6.357,318.72,406.85,25.75,901.484,1.5001,0.27651,0.044826,723.133,2.483,True
1923.73,4.646,1702.9,7.061,371.46,553.51,72.32,1225.74,2.2594,0.4901,0.040678,414.025,2.694,True
1968.9,0.951,700.3,3.427,147.61,179.79,28.49,244.637,5.6232,0.21798,0.048009,2069.686,7.353,True
942.59,7.699,1513.0,5.307,289.85,371.75,42.6,818.518,1.246,0.28259,0.03441,122.424,2.024,True
909.43,7.539,962.2,2.414,301.8,426.31,35.52,236.752,1.8904,0.41258,0.024612,120.63,1.5,True
2603.3,1.78,1408.0,2.53,152.76,185.59,15.25,363.062,3.6979,0.21487,0.017624,1462.321,6.529,True
1458.75,3.961,828.5,1.948,244.19,293.41,37.44,164.481,3.5214,0.20155,0.02306,368.286,2.616,True
3787.0,3.758,1681.3,1.237,74.61,107.32,12.25,212.072,4.5048,0.43855,0.00722,1007.64,5.221,True
3403.62,1.02,1532.3,3.324,163.13,198.9,32.53,519.204,4.4425,0.21921,0.021281,3335.409,9.88,True
441.92,6.72,1367.4,6.013,301.98,450.97,23.42,838.153,0.6464,0.49337,0.043139,65.764,1.5,True
203.13,5.029,1024.6,1.428,123.29,158.14,7.46,149.193,0.3965,0.2827,0.013676,40.392,1.5,True
416.27,7.379,974.5,7.867,387.88,468.19,60.99,781.479,0.8543,0.20703,0.07919,56.416,1.5,True
2483.06,5.711,715.4,1.914,86.06,119.76,17.04,139.6,6.9415,0.39165,0.026248,434.801,5.892,True
2753.54,5.86,1781.5,5.585,73.66,110.26,7.71,1014.255,3.0913,0.4968,0.030755,469.917,12.281,True
216.58,4.354,1724.4,2.43,227.11,276.97,13.32,427.146,0.2512,0.21951,0.013824,49.749,1.5,True
506.07,5.98,1636.9,1.575,158.03,194.06,8.54,262.76,0.6183,0.22801,0.009438,84.629,1.5,True
2303.04,5.779,1377.5,3.41,248.7,295.37,18.19,478.865,3.3439,0.18764,0.024288,398.489,5.55,True
3740.82,6.235,1707.3,7.375,280.79,427.17,31.59,1283.529,4.3822,0.5213,0.042377,599.956,6.407,True
213.74,1.063,731.4,1.215,179.58,256.89,30.28,90.596,0.5845,0.43051,0.016299,201.069,1.5,True
2442.81,1.684,1497.5,3.161,64.42,81.31,6.42,482.524,3.2626,0.26224,0.020708,1450.921,13.328,True
1242.13,6.608,1511.9,5.717,107.26,158.01,16.26,881.045,1.6431,0.47313,0.037092,187.979,4.273,True
940.38,5.396,1180.2,3.795,98.12,133.18,6.38,456.581,1.5936,0.35732,0.031545,174.278,3.228,True
824.16,1.581,1744.9,2.636,180.77,231.17,33.39,468.958,0.9446,0.27883,0.014822,521.344,1.5,True
2339.27,7.402,959.9,1.361,249.11,320.91,42.42,133.199,4.8739,0.28821,0.013912,316.041,2.66,True
3541.81,4.097,1765.6,4.648,152.11,204.68,8.46,836.487,4.0119,0.34559,0.025822,864.479,9.663,True
3255.2,1.351,970.5,4.74,74.61,88.17,11.52,468.913,6.7083,0.18173,0.047912,2410.157,32.756,True
472.75,4.13,1006.4,2.211,124.18,180.73,23.93,226.791,0.9395,0.45536,0.021547,114.457,1.5,True
732.68,7.702,1313.7,5.312,301.37,431.46,52.13,711.422,1.1154,0.43165,0.03967,95.133,1.5,True
2037.18,4.547,988.6,1.289,285.98,332.72,26.12,129.941,4.1214,0.16344,0.012795,448.042,2.755,True
558.07,2.011,1366.5,5.214,203.16,240.96,23.36,726.221,0.8168,0.18607,0.037428,277.458,2.325,True
1540.43,5.931,1294.8,4.187,225.57,346.6,36.87,552.613,2.3794,0.53652,0.03172,259.708,2.154,True
2088.52,4.146,631.8,7.569,168.52,211.05,33.69,487.44,6.6116,0.25238,0.117526,503.714,12.025,True
2931.02,0.95,674.3,0.691,263.87,311.0,50.14,47.512,8.694,0.17863,0.010057,3083.688,3.77,True
3760.24,4.641,1340.0,2.689,81.75,118.13,5.34,367.324,5.6124,0.44498,0.019688,810.258,9.194,True
525.12,2.903,615.0,3.755,300.61,442.06,42.28,235.406,1.7078,0.47054,0.059905,180.885,1.5,True
3418.12,3.608,1618.5,4.299,135.83,207.51,12.39,709.207,4.2237,0.52766,0.026054,947.343,6.806,True
299.57,2.396,1040.0,3.135,238.39,358.36,22.37,332.376,0.5761,0.50325,0.029572,125.038,1.5,True
2178.93,3.117,1586.1,1.682,95.19,128.63,14.35,271.956,2.7475,0.3512,0.010403,699.04,3.786,True
3223.0,4.963,1528.6,3.445,71.18,85.16,3.97,536.86,4.2169,0.19644,0.022111,649.375,22.722,True
1449.99,4.267,1027.6,4.704,223.41,317.5,33.52,492.788,2.8221,0.42118,0.044912,339.843,2.805,True
1408.64,3.162,1302.2,4.973,167.0,214.11,25.74,660.147,2.1635,0.28213,0.037466,445.493,4.666,True
2660.16,1.599,1129.3,7.195,72.34,107.94,5.39,828.266,4.7114,0.49207,0.062507,1663.249,15.94,True
2127.54,3.74,612.2,7.365,214.67,328.82,19.97,459.614,6.951,0.53171,0.118034,568.849,5.794,True
3491.85,7.426,1268.2,2.02,292.98,401.27,56.16,261.149,5.5068,0.36959,0.015626,470.239,3.412,True
1869.23,2.587,765.9,5.74,391.2,454.31,63.01,448.148,4.8809,0.16134,0.073513,722.549,6.057,True
3722.34,1.153,732.2,5.69,280.31,330.07,49.1,424.669,10.1675,0.17753,0.07623,3227.318,14.548,True
2189.01,7.313,1653.6,6.594,235.41,294.42,29.64,1111.463,2.6476,0.25068,0.039118,299.321,7.402,True
583.08,5.475,760.8,4.334,78.49,99.67,6.66,336.089,1.5329,0.2698,0.055883,106.49,3.684,True
2556.12,6.422,668.8,6.877,352.66,453.84,52.49,468.825,7.6443,0.28691,0.10088,398.012,6.987,True
1729.93,1.741,1234.4,1.148,358.68,545.09,62.14,144.415,2.8029,0.51972,0.009121,993.634,1.5,True
2337.61,4.726,1781.5,2.359,85.82,117.99,8.52,428.45,2.6243,0.37478,0.012991,494.603,5.42,True
1424.89,0.652,1315.5,2.48,123.87,144.46,12.96,332.593,2.1663,0.16617,0.018496,2183.964,5.288,True
3540.08,3.091,1414.9,6.174,171.55,253.67,26.38,890.486,5.004,0.47866,0.042808,1145.152,8.692,True
2325.12,0.607,642.1,7.931,325.98,497.12,60.42,519.152,7.2421,0.52503,0.121176,3828.34,5.084,True
277.68,6.46,1141.4,6.422,62.28,78.81,10.13,747.151,0.4866,0.26528,0.055194,42.987,3.062,True
3213.48,5.186,961.5,2.828,388.7,515.29,45.5,277.153,6.6843,0.32568,0.02885,619.658,3.945,True
2298.86,3.63,1263.2,3.743,341.08,516.27,64.74,481.913,3.6397,0.51362,0.029064,633.241,2.419,True
2344.33,3.872,1446.3,6.787,251.41,359.52,40.84,1000.67,3.2419,0.42999,0.046038,605.472,4.949,True
2770.3,6.121,850.4,4.238,260.01,299.27,46.38,367.352,6.5155,0.15099,0.048888,452.56,10.034,True
2518.09,1.556,1579.6,5.878,317.82,415.33,56.61,946.477,3.1882,0.30682,0.036504,1618.719,5.057,True
